phoA	phoB	phnC	phnF	phoR
0.0	0.0	0.2744038883075292	0.0	0.0
0.26027752559355033	0.0	0.692969374865311	0.8079813154463859	0.0
0.0	0.4564931351787152	0.0	0.0	0.9048963041873331
0.0	0.0	0.0	0.0	0.004586489115809944
0.0	0.0	0.445971060585248	0.0	0.0
0.0	0.11851076209943016	0.0	0.0	0.0
0.7891115321098132	0.0	0.0	0.0	0.0
0.4656504060393436	0.8199894494472744	0.0	0.0	0.0
0.3181916548190875	0.0	0.0	0.15069776718069028	0.5757390951634999
0.0	0.0	0.0	0.0	0.0
