fumC	soxR	soxS	marA	rfaZ
0.26286545142679757	0.0	0.0	0.0	0.8535102386572115
0.0	-0.17740256967954338	0.0	0.0	0.0
0.0	-0.6459488733671606	0.0	0.0	0.0
0.0	0.0	0.052879171734254785	0.0	0.0
0.7906791677527064	0.0	0.0	0.0	0.0
0.09814852292797807	0.0	0.0	0.0	0.0
0.0	0.0	0.0	0.0	0.0
0.32934721701926833	0.0	0.0	0.0	0.6444939293046199
0.0	0.0	0.6957309705294185	0.0	0.4318117496636413
0.0	-0.34917716099880636	0.0	0.0	0.2612045707259975
