ileT	lrp	livH	sdaA	livG
0.0	0.0	-0.4640307482331991	0.0	0.0
0.0	0.0	-0.8585510191041976	0.0	-0.5087260992731899
-0.08959176088683307	0.0	-0.67975934734568	0.0	0.0
0.0	-0.5486304862424731	-0.7424632022157311	-0.2546194177120924	0.0
0.0	0.0	0.0	0.0	0.0
0.0	0.0	-0.47416275809518993	0.0	-0.024482229026034474
0.0	0.0	0.0	0.0	0.0
0.0	0.0	0.0	0.0	0.0
0.0	-0.6735758217982948	0.0	-0.04466499853879213	0.0
0.0	0.0	-0.6292847616132349	-0.5218757344409823	0.0
