caiC	caiF	fixC	fixB	fixX
0.0	0.0	0.0	0.0	0.0
0.0	0.0	0.0	0.0	0.51514806134806
0.0	-0.5219416895415634	0.368034744522187	0.08192576048267837	0.0
0.0	-0.9088780269958079	0.0	0.6204253630649841	0.0
0.0	0.0	0.0	0.0	0.0
0.0	0.0	0.0	0.0	0.0
0.0	-0.5769797319080681	0.0	0.0	0.0
0.8275260074629857	0.0	0.0	0.12724288994749838	0.5460528852622303
0.0	0.0	0.4254481206914662	0.0	-0.0032735694926885398
0.24312287351185807	-0.046316501684486866	0.554324307365927	0.0	0.0
